{
  "discuss": {
    "title": "Something happened with my browser",
    "status": "open",
    "authorName": "Mark Freeman",
    "authorImg": "resources/images/avatars/1.jpg",
    "date": "5 Apr 2017",
    "commentsCount": 8,
    "participants": [
      "resources/images/avatars/1.jpg",
      "resources/images/avatars/2.jpg",
      "resources/images/avatars/3.jpg",
      "resources/images/avatars/4.jpg",
      "resources/images/avatars/5.jpg"
    ],
    "comments": [{
      "avatar": "resources/images/avatars/1.jpg",
      "authorName": "Bill Gates",
      "date": "10 Apr 2016 11:03AM",
      "content": "<p>Lorem ipsum dolor sit amet, consectetur adipisicing elit. Lorem ipsum dolor sit amet, consectetur adipisicing elit. Deleniti nihil quidem consequuntur necessitatibus itaque commodi quasi, est voluptatum.</p><ul><li>Led cursus ante dapibus diam. Sed nisi. Nulla quis sem</li><li>at nibh elementum imperdiet. Duis sagittis ipsum. Praesent mauris.</li><li>at nibh elementum imperdiet. Duis sagittis ipsum. Praesent mauris.</li><li>Fusce nec tellus sed augue semper porta. Mauris massa.</li></ul><p>Lorem ipsum dolor sit amet, consectetur adipisicing elit. Deleniti nihil quidem consequuntur necessitatibus itaque commodi quasi, est voluptatum.</p>",
      "likesCount": 23
    }, {
      "avatar": "resources/images/avatars/3.jpg",
      "authorName": "Trinity Parson",
      "date": "on 2 June",
      "content": "<blockquote class=\"blockquote\"><p class=\"mb-0\">Led cursus ante dapibus diam. Sed nisi. Nulla quis semat nibh elementum imperdiet. Duis sagittis ipsum. Praesent mauris.at nibh elementum imperdiet. Duis sagittis ipsum. Praesent mauris.Fusce nec tellus sed augue semper porta. Mauris massa.</p><footer class=\"blockquote-footer\">Someone famous in<cite title=\"Source Title\">Source Title</cite></footer></blockquote><p>Lorem ipsum dolor sit amet, consectetur adipisicing elit. Deleniti nihil quidem consequuntur necessitatibus itaque commodi quasi, est voluptatum.</p>",
      "likesCount": 15
    }]
  }
}