{
  "ordersTableData": [{
    "key": "1",
    "number": "1",
    "description": "Server hardware purchase",
    "quantity": "35",
    "unitcost": "$75.00",
    "total": "$2,152.00"
  }, {
    "key": "2",
    "number": "2",
    "description": "Office furniture purchase",
    "quantity": "21",
    "unitcost": "$169.00",
    "total": "$4,169.00"
  }, {
    "key": "3",
    "number": "3",
    "description": "Company Anual Dinner Catering",
    "quantity": "58",
    "unitcost": "$49.00",
    "total": "$1,260.00"
  }, {
    "key": "4",
    "number": "4",
    "description": "Payment for Jan 2016",
    "quantity": "231",
    "unitcost": "$12.00",
    "total": "$866.00"
  }],
  "invoicePrices": {
    "invoiceAmount": "$5,700.00",
    "invoiceVAT": "$57.00",
    "invoiceTotal": "$5,757.00"
  }
}