{
  "images": [{
    "path": "resources/images/photos/1.jpeg",
    "editable": false
  }, {
    "path": "resources/images/photos/2.jpeg",
    "editable": true
  }, {
    "path": "resources/images/photos/3.jpeg",
    "editable": false
  }, {
    "path": "resources/images/photos/4.jpeg",
    "editable": false
  }, {
    "path": "resources/images/photos/5.jpeg",
    "editable": true
  }, {
    "path": "resources/images/photos/6.jpeg",
    "editable": false
  }, {
    "path": "resources/images/photos/7.jpeg",
    "editable": true
  }, {
    "path": "resources/images/photos/8.jpeg",
    "editable": false
  }, {
    "path": "resources/images/photos/9.jpeg",
    "editable": false
  }, {
    "path": "resources/images/photos/10.jpeg",
    "editable": true
  }, {
    "path": "resources/images/photos/1.jpeg",
    "editable": false
  }, {
    "path": "resources/images/photos/2.jpeg",
    "editable": true
  }, {
    "path": "resources/images/photos/3.jpeg",
    "editable": false
  }, {
    "path": "resources/images/photos/4.jpeg",
    "editable": false
  }, {
    "path": "resources/images/photos/5.jpeg",
    "editable": true
  }, {
    "path": "resources/images/photos/6.jpeg",
    "editable": false
  }, {
    "path": "resources/images/photos/7.jpeg",
    "editable": true
  }, {
    "path": "resources/images/photos/8.jpeg",
    "editable": false
  }, {
    "path": "resources/images/photos/9.jpeg",
    "editable": false
  }, {
    "path": "resources/images/photos/10.jpeg",
    "editable": true
  }]
}
